id,group,first_name,email,age,city
1,Marketing,Mellicent,mgarz0@thetimes.co.uk,31,Shijie
2,Finance,Crichton,cweekly1@ovh.net,27,Lingxi
3,Operations,Ida,ibedome2@sfgate.com,61,Chuqui Chuqui
4,Operations,Debbie,dsumpton3@oakley.com,45,Sokal’
5,Technology,Kittie,kardron4@mapquest.com,32,Strzelce
6,Finance,Erinn,egoby5@list-manage.com,44,Lebedyan’
7,Marketing,Neile,nbreadon6@youtube.com,27,Gaowu
8,Operations,Jamaal,jtaveriner7@istockphoto.com,51,
9,Operations,Dane,dboyall8@constantcontact.com,50,Hodkovice nad Mohelkou
10,Technology,Selene,sbaldam9@nationalgeographic.com,36,Ḩuraytān
11,Operations,Layney,lmccarlea@photobucket.com,41,Sai’erlong Xiang
12,Operations,Giles,ghaymanb@shinystat.com,25,Sviadnov
13,Marketing,Alethea,apereirac@godaddy.com,30,Sölvesborg
14,Marketing,Nat,njanacekd@foxnews.com,27,Ereencav
15,Finance,Andres,afilliskirke@princeton.edu,42,Vanderhoof
16,Marketing,Veriee,vsivellf@wordpress.org,57,Ban Na San
17,Technology,Karina,,61,Yelets
18,Technology,Lilas,ltitmanh@reuters.com,30,Sujiazhuang
19,Finance,Allyce,,45,Laranjal Paulista
20,Technology,Anna-diane,asleanyj@netlog.com,57,
21,Marketing,Cheslie,cpoyserk@apache.org,53,Huiqi
22,Marketing,Sidonia,sbernhardil@imgur.com,19,Sernur
23,Technology,Wallie,wsailm@latimes.com,48,Jiyang
24,Finance,Ashlen,abowderyn@csmonitor.com,46,San Antonio
25,Marketing,Dix,drodolfio@instagram.com,46,Fier
26,Marketing,Derril,dstoitep@shareasale.com,41,Magistral’nyy
27,Marketing,Toinette,tchalkerq@army.mil,18,Juvisy-sur-Orge
28,Technology,Ag,alocockr@cbsnews.com,56,Aswan
29,Marketing,Giulietta,gglaviss@woothemes.com,24,Zafar
30,Operations,Haily,hmacdaidt@vk.com,23,Kaustinen
31,Finance,Bartie,bplettu@usda.gov,27,Mandeni
32,Operations,Hayes,hmaffinv@oakley.com,21,Paris 10
33,Operations,Foss,fcavilw@independent.co.uk,64,Pápa
34,Marketing,Georges,ghindmorex@home.pl,20,Smolenka
35,Operations,Dianemarie,dwhatsony@dion.ne.jp,47,Lattes
36,Marketing,Christi,cfootz@scribd.com,41,Jiangpu
37,Technology,Carine,cfarady10@mapquest.com,54,Dajabón
38,Marketing,Noe,nnana11@techcrunch.com,24,Tópaga
39,Marketing,Ebba,esiemandl12@artisteer.com,53,San Benito
40,Finance,Winfield,wpacke13@spiegel.de,29,Aguilares
41,Marketing,Beauregard,bblaze14@digg.com,58,Dungarvan
42,Technology,Natale,nlouisot15@bloomberg.com,22,Azilal
43,Marketing,Hurley,hfursland16@studiopress.com,28,Dengfang
44,,Dinny,,19,Bantarjati
45,Operations,Holli,hbattison18@php.net,55,Huangji
46,Operations,Bernardine,bdingley19@wordpress.com,33,Kosikha
47,Technology,Donielle,drabier1a@facebook.com,22,Warungbanten
48,Technology,Letty,lkestian1b@upenn.edu,36,Nowosielce-Gniewosz
49,Marketing,Finley,fbatrick1c@paypal.com,64,Nakambala
50,Technology,Gae,gsushams1d@typepad.com,48,Pará de Minas
51,,Filberte,fgoulston1e@cbsnews.com,53,Tegalwero
52,,Cris,coldknow1f@pen.io,55,Talayan
53,Marketing,Gerianna,gvivers1g@jigsy.com,39,Haolin
54,Marketing,Lilah,lkenewell1h@newyorker.com,33,Rencun
55,Operations,Ezekiel,eperryman1i@ask.com,30,Colorado Springs
56,Marketing,Isador,isedgwick1j@blogtalkradio.com,61,Tibati
57,Finance,Raynell,rphilcott1k@ox.ac.uk,56,Fāqūs
58,Operations,Beverly,bhelwig1l@myspace.com,56,Igbeti
59,Technology,Vasily,vpitrasso1m@icio.us,25,Shuanghekou
60,Technology,Bax,boconnell1n@hubpages.com,52,Ryczywół
61,Technology,Emmott,emusico1o@i2i.jp,26,Verrettes
62,,Harrie,henderle1p@seesaa.net,54,Portelinha
63,Operations,Gareth,gspikins1q@techcrunch.com,45,Lazaro Cardenas
64,Finance,Meyer,mwhight1r@cbc.ca,25,El Sombrero
65,Marketing,Brigham,bmingaud1s@squarespace.com,59,Arcangel
66,Operations,Allen,ayanshonok1t@google.com,59,Wutumeiren
67,Finance,Orsola,oopie1u@gov.uk,25,Guozhuang
68,Marketing,Una,ufeast1v@angelfire.com,20,Pandakan
69,Technology,Lyn,ladam1w@boston.com,52,Manticao
70,Finance,Kelcy,kmcanalley1x@gov.uk,56,Bukitkemuning
71,Operations,Jessalin,jthiese1y@bing.com,22,‘Afīf
72,Technology,Danita,dheinecke1z@narod.ru,57,Ol Kalou
73,Technology,Rowe,rpfeuffer20@shinystat.com,57,Rawa
74,Operations,Cointon,cdutchburn21@github.com,26,Lukou
75,,Inigo,ikimbly22@wisc.edu,65,Bieqiao
76,Technology,Mable,mborres23@squidoo.com,18,Antipolo
77,Technology,Randell,rmatteoli24@cisco.com,53,Yanggu
78,Technology,Humfried,horegan25@slideshare.net,65,Poitiers
79,Operations,Wenonah,wgrimmer26@narod.ru,58,Coronel Martínez
80,Marketing,Gaspard,gschrader27@globo.com,43,Espérance Trébuchet
81,Operations,Kirstin,kchristy28@mysql.com,27,Sumberdangdang
82,Finance,Laney,ljanaszkiewicz29@si.edu,48,Jia’an
83,Operations,Ania,atregent2a@barnesandnoble.com,35,Maple Ridge
84,Marketing,Daryl,dmcnirlin2b@ucoz.ru,50,São Gabriel
85,Finance,Julee,jsherred2c@cnbc.com,33,Tanza
86,Finance,Ray,rcooke2d@skype.com,42,Qā’en
87,Operations,Rochette,rsillars2e@tumblr.com,45,Basud
88,Technology,Kinnie,kdelamaine2f@google.ca,53,Akora
89,Finance,Jeffrey,,63,Iballë
90,Marketing,Cece,cvaggs2h@intel.com,36,Nueve de Julio
91,Technology,Angelica,agoskar2i@topsy.com,33,Tianhu
92,Technology,Burton,bbonifant2j@reuters.com,64,Rio Claro
93,Finance,Lorrayne,lenglish2k@indiegogo.com,23,Vilarinho da Castanheira
94,,Farris,fblaby2l@goodreads.com,54,Saint Aubin
95,Finance,Elmira,ebonnor2m@tinypic.com,63,Mauloo
96,Marketing,Marcelle,,56,Karangpapak
97,Finance,Davida,dmedland2o@pbs.org,35,Pulau Pinang
98,Marketing,Griffy,greglar2p@washingtonpost.com,19,Chengxi
99,Marketing,Pegeen,pwelbourn2q@tumblr.com,24,Čížkovice
100,Technology,Andree,aidenden2r@google.com.au,22,Atamyrat
101,Technology,Iorgo,ilockyear2s@alibaba.com,55,Tha Tako
102,,Jenica,jsesser2t@amazon.com,26,Tulaghi
103,Technology,Alma,,26,Anxiang
104,Technology,Koren,ksargent2v@buzzfeed.com,37,Gardawice
105,Marketing,Nolie,ngarforth2w@edublogs.org,50,Sasa
106,Marketing,Nobie,nzmitrovich2x@tmall.com,27,
107,Operations,Wilhelm,wgrimstead2y@bloglovin.com,51,Severoural’sk
108,Finance,Emmaline,ejovanovic2z@sbwire.com,55,Pujocucho
109,Technology,Verine,,51,Capissayan Sur
110,Marketing,Stacey,,61,Silikatnyy
111,Technology,Fielding,fdemke32@sakura.ne.jp,42,Staraya Stanitsa
112,Marketing,Verene,varnaud33@census.gov,30,Wenping
113,Operations,Osgood,oantrag34@ucoz.com,58,Yanghu
114,Technology,Shea,sbruna35@msu.edu,29,Al Hilāliyya
115,Marketing,Wandie,wmalarkey36@github.io,43,Linköping
116,Operations,Cass,chadley37@loc.gov,52,Wangqu
117,,Worden,wheinke38@discuz.net,45,Jinta
118,Operations,Stephannie,smacquaker39@e-recht24.de,23,Karangbalong
119,Marketing,Mead,mronnay3a@google.co.jp,26,Miasskoye
120,Finance,Yetty,ybaynham3b@homestead.com,44,Estefania
121,Operations,Ofelia,omaccook3c@ovh.net,30,Krajan Timur Suger Kidul
122,Technology,Marisa,mmckeowon3d@usatoday.com,36,Calamba
123,Technology,Corabel,cmullender3e@fastcompany.com,35,Niyang
124,Finance,Ancell,aaucott3f@google.ru,29,Abu Dhabi
125,Technology,Karen,kboyce3g@drupal.org,60,Dabu
126,Operations,Cherri,carboin3h@woothemes.com,44,Baku
127,Technology,Lutero,lstemson3i@usnews.com,48,Cabannungan Second
128,Technology,Somerset,ssawle3j@indiatimes.com,20,
129,Finance,Cinnamon,cmarcroft3k@mapquest.com,45,Botshabelo
130,Finance,Osbert,ocopestake3l@scribd.com,55,Yangdun
131,Technology,Britt,bcuppleditch3m@shop-pro.jp,31,Tanjungpecinan Utara
132,Marketing,Filia,fperse3n@weibo.com,39,Cockburn Town
133,Technology,Valera,vpurseglove3o@pinterest.com,62,Ciudad del Este
134,Finance,Kelcy,kgillham3p@flavors.me,32,Tumba
135,,Mort,mfrancesconi3q@oaic.gov.au,46,Kotovsk
136,Finance,Clemmie,cseed3r@usda.gov,55,Huangcun
137,Finance,Ramona,rpillifant3s@plala.or.jp,58,
138,Finance,Elana,,56,Iwonicz-Zdrój
139,Technology,Roger,rotowey3u@tumblr.com,24,Chalan Pago-Ordot Village
140,Technology,Shaina,seddie3v@hhs.gov,62,Langtad
141,Marketing,Lilyan,lvieyra3w@blogtalkradio.com,19,Olszówka
142,Operations,Abdel,aphilipart3x@nyu.edu,60,Bolorejo
143,Finance,Katherina,,26,Kericho
144,Finance,Ulrike,umenlow3z@goo.ne.jp,45,Troyes
145,Technology,Bevan,bstleger40@sakura.ne.jp,59,León
146,Marketing,Sherm,slamberti41@google.de,46,Raków
147,Finance,Shel,spalffrey42@state.tx.us,65,Belén
148,Marketing,Tawnya,tpalfreeman43@flickr.com,58,Grammatikó
149,Finance,Dunc,dvalentin44@fema.gov,65,Krzyżanów
150,Marketing,Joella,jwyeth45@ebay.com,50,Nowy Staw
151,Operations,Sandor,smcfadyen46@woothemes.com,44,Guaçuí
152,Operations,Derron,dianniello47@wsj.com,57,Bolesławiec
153,Technology,Bartel,bblois48@youtu.be,56,Salcedo
154,Operations,Brina,bglynn49@intel.com,29,Barberton
155,Operations,Chris,cmacalinden4a@altervista.org,35,Duas Igrejas
156,Technology,Caryl,cnovello4b@ed.gov,61,Shuanggang
157,Marketing,Clemens,cerskinesandys4c@si.edu,56,Niort
158,Technology,Deedee,dmazella4d@kickstarter.com,62,Loen
159,Finance,Maryann,mconws4e@desdev.cn,20,Muquiyauyo
160,Finance,Thain,tbatterson4f@nba.com,24,Zyuzino
161,Finance,Jamal,jcawdron4g@boston.com,38,Lakota
162,Finance,Fedora,ftogher4h@theatlantic.com,62,Woodford Hill
163,Finance,Upton,umarsters4i@ustream.tv,30,Zhicheng
164,Marketing,Constantia,ctynemouth4j@rakuten.co.jp,34,
165,Marketing,Pierre,ptoffanini4k@t.co,45,Kaingiwa
166,Technology,Mella,,19,Daoxian
167,Technology,Karlene,kalcott4m@washingtonpost.com,44,Smolyan
168,Finance,Paten,psheavills4n@joomla.org,35,
169,Marketing,Milissent,mrawlings4o@skype.com,28,
170,Technology,Mick,mjaynes4p@bigcartel.com,54,
171,,Edith,emedcalf4q@baidu.com,36,Fuxing
172,Technology,Carin,cglendzer4r@pcworld.com,44,Ngampon
173,,Ulrick,ucompson4s@imdb.com,58,Vel’sk
174,Marketing,Vilhelmina,vgreenall4t@yellowbook.com,24,Bŭstonqal’a
175,Finance,Courtney,cbrady4u@columbia.edu,28,
176,Marketing,Floyd,flightbody4v@psu.edu,44,Saipan
177,Technology,Garnet,gchown4w@about.me,42,Dālbandīn
178,Marketing,Iver,imccallum4x@bloomberg.com,46,Kon Tum
179,Marketing,Alena,awarcop4y@pinterest.com,32,Thayetmyo
180,Technology,Yuri,yfearnsides4z@adobe.com,48,Kaka
181,Finance,Sunny,szini50@eepurl.com,40,Kolyubakino
182,Technology,Agna,,55,Simpang Ulim
183,Marketing,Emlynn,epopple52@mayoclinic.com,41,Sallanches
184,Operations,Tiertza,tginnelly53@cafepress.com,42,Baiyin
185,Technology,Rorke,rtremoille54@eventbrite.com,37,Kovářov
186,Marketing,Lisha,,38,Kveda Chkhorots’q’u
187,Finance,Ignatius,ipole56@time.com,49,Taiping
188,Marketing,Clarita,cmixter57@ustream.tv,42,Orlando
189,Technology,Umeko,uhawtry58@vkontakte.ru,33,
190,Finance,Shaylynn,smackilpatrick59@redcross.org,38,Nagahama
191,Operations,Gale,gwhyard5a@storify.com,38,
192,,Lian,lleather5b@baidu.com,64,Besuki
193,Operations,Marcela,,42,Mahābād
194,Finance,Chere,,33,Nangka
195,Finance,Estrella,ewhaley5e@google.cn,31,Yaguajay
196,Finance,Lory,lbalazin5f@studiopress.com,38,Seke
197,Finance,Ashby,afredy5g@loc.gov,64,Pahonjean
198,,Laney,lgard5h@yahoo.co.jp,18,Bludov
199,Finance,Luise,lbenardet5i@google.co.jp,53,Porto Real
200,Operations,Alexina,ainstrell5j@thetimes.co.uk,23,Mengyin
